{
  "rounds": [
    1,
    2,
    3,
    4,
    5,
    6,
    7,
    8,
    9,
    10
  ],
  "accuracy": [
    30.82,
    74.29,
    80.3,
    86.95,
    88.21,
    90.51,
    89.94,
    93.06,
    92.82,
    93.74
  ],
  "loss": [
    1.7574621915817261,
    0.8440746963024139,
    0.5748509794473649,
    0.3907684311270714,
    0.3411051943898201,
    0.2794184982776642,
    0.2947529718279839,
    0.21103470474481584,
    0.22107068598270416,
    0.19263873398303985
  ]
}