{
  "rounds": [
    1,
    2,
    3,
    4,
    5,
    6,
    7,
    8,
    9,
    10
  ],
  "accuracy": [
    50.96,
    71.68,
    78.02,
    79.7,
    83.88,
    84.84,
    86.43,
    87.35,
    88.8,
    89.08
  ],
  "loss": [
    1.8813610315322875,
    1.4447989344596863,
    1.116849708557129,
    0.8972635984420776,
    0.7380199074745178,
    0.6352908819913864,
    0.5435163795948028,
    0.49159368872642517,
    0.43588562309741974,
    0.40020442605018614
  ]
}