{
  "rounds": [
    1,
    2,
    3,
    4,
    5,
    6,
    7,
    8,
    9,
    10
  ],
  "accuracy": [
    22.77,
    71.69,
    78.58,
    86.65,
    91.38,
    91.12,
    91.63,
    91.77,
    92.99,
    93.65
  ],
  "loss": [
    1.963489556312561,
    0.89105144739151,
    0.6406505763530731,
    0.40953209698200227,
    0.2644487157464027,
    0.2668755680322647,
    0.2469898670911789,
    0.2500830665230751,
    0.21652549356222153,
    0.20146834179759027
  ]
}