{
  "rounds": [
    1,
    2,
    3,
    4,
    5,
    6,
    7,
    8,
    9,
    10
  ],
  "accuracy": [
    46.31,
    62.02,
    73.24,
    77.27,
    82.78,
    83.36,
    88.07,
    86.65,
    89.91,
    89.25
  ],
  "loss": [
    1.6800897240638732,
    1.120417582988739,
    0.7801951050758362,
    0.6256624102592468,
    0.48780063092708587,
    0.4428525328636169,
    0.3658951878547668,
    0.3650927603244781,
    0.29464034736156464,
    0.3056177482008934
  ]
}